,quizzes,solutions
0,4.30021E+78,8.64371E+80
1,4.01001E+79,3.46179E+80
2,6.0012E+80,6.95127E+80
3,4.972E+80,4.97258E+80
4,5.91031E+78,4.65912E+80
5,1.00005E+80,1.94685E+80
6,9.06543E+78,2.89765E+80
7,6.57702E+74,8.94232E+80
8,5.0307E+80,5.63472E+80
9,6.07209E+79,1.63726E+80
10,4.083E+78,9.74184E+80
11,6.02807E+76,4.31567E+80
12,4.3E+78,2.54368E+80
13,8.0701E+78,9.58274E+80
14,6.537E+79,8.65379E+80
15,5.71033E+78,8.65714E+80
16,2.00005E+80,2.68495E+80
17,4.08005E+79,9.47813E+80
18,5.0083E+79,6.52484E+80
19,7.00084E+80,7.12984E+80
20,6.705E+79,9.67254E+80
21,1.40903E+78,2.5148E+80
22,2.0603E+80,2.56734E+80
23,4.50218E+78,9.64532E+80
24,1.40061E+80,1.4257E+80
25,5.9E+80,5.98326E+80
26,1E+80,1.57468E+80
27,9.00084E+80,9.27384E+80
28,3.08056E+80,3.98256E+80
29,1.703E+80,1.76328E+80
30,4.03002E+78,9.54739E+80
31,8.32001E+79,1.83248E+80
32,8.03E+80,8.63915E+80
33,7.04901E+79,2.76495E+80
34,8.3004E+80,8.31246E+80
35,6.025E+79,1.68257E+80
36,5.04007E+79,7.51433E+80
37,1.0092E+79,3.18693E+80
38,7.80106E+79,5.78214E+80
39,5.601E+79,9.56418E+80
40,1.84701E+75,6.32952E+80
41,2.0504E+80,2.85747E+80
42,1.038E+80,1.23898E+80
43,8.5042E+80,8.51429E+80
44,6.149E+79,7.61496E+80
45,6.089E+80,6.38917E+80
46,7.009E+77,5.38743E+80
47,6.80905E+80,6.87935E+80
48,6.00837E+80,6.54837E+80
49,6.74308E+76,1.92567E+80
50,6.37004E+79,9.63752E+80
51,3.40002E+77,8.51348E+80
52,8.0706E+78,1.5848E+80
53,8.72005E+79,1.87235E+80
54,1.07008E+80,1.27399E+80
55,7.04011E+77,9.25785E+80
56,5.00039E+80,5.49639E+80
57,6.0005E+80,6.12454E+80
58,9.00407E+77,5.38972E+80
59,7.5009E+78,2.87514E+80
60,1.04073E+78,2.91846E+80
61,5.07108E+80,5.37169E+80
62,8.07E+80,8.27315E+80
63,4.00002E+79,6.43587E+80
64,2.8347E+78,5.62835E+80
65,4.318E+80,4.31826E+80
66,2.00001E+79,3.24857E+80
67,3.00015E+78,7.43869E+80
68,4.00053E+80,4.16853E+80
69,4.03001E+78,7.84236E+80
70,2.30001E+79,8.23957E+80
71,3.10201E+79,8.31529E+80
72,1.504E+79,8.15947E+80
73,6.04302E+80,6.54373E+80
74,4.80109E+76,2.65749E+80
75,9.00003E+80,9.18744E+80
76,2.078E+78,1.42979E+80
77,4.302E+79,1.43928E+80
78,2.06597E+80,2.16597E+80
79,2.706E+80,2.78635E+80
80,1.0907E+79,4.16957E+80
81,2.90041E+80,2.98541E+80
82,8.06231E+79,1.87624E+80
83,5.00071E+76,1.94254E+80
84,4.57603E+77,3.81458E+80
85,7.20041E+77,9.58724E+80
86,2.30051E+77,9.41239E+80
87,9.80046E+80,9.83746E+80
88,2E+80,2.94786E+80
89,4.20605E+78,1.84237E+80
90,9.0604E+79,1.97684E+80
91,7.506E+77,9.32755E+80
92,6E+80,6.17824E+80
93,2.098E+79,6.27982E+80
94,8.0607E+78,2.98362E+80
95,6.003E+80,6.87322E+80
96,6.1003E+80,6.18733E+80
97,2.0805E+78,3.92185E+80
98,6.03751E+78,9.26438E+80
99,4.00385E+79,6.47239E+80
100,4.5E+80,4.56971E+80
101,4.80001E+75,2.67955E+80
102,9.5E+80,9.51264E+80
103,6.0008E+77,5.23615E+80
104,9.05032E+80,9.15633E+80
105,5.0048E+80,5.2749E+80
106,8.094E+80,8.79422E+80
107,2.01008E+80,2.31978E+80
108,7.009E+80,7.23947E+80
109,1.90007E+78,6.31983E+80
110,3.2064E+79,7.32864E+80
111,5.00301E+80,5.29361E+80
112,3.0059E+80,3.47592E+80
113,4.0016E+75,8.79325E+80
114,6.03001E+78,9.56735E+80
115,5.90002E+79,8.59346E+80
116,8.3502E+80,8.3573E+80
117,5.00075E+79,8.53917E+80
118,4.93002E+78,6.74935E+80
119,6.32041E+79,9.63284E+80
120,9.0086E+80,9.13863E+80
121,9.0026E+80,9.43266E+80
122,1E+78,6.71938E+80
123,7.906E+76,4.53879E+80
124,5.007E+80,5.43768E+80
125,8.02906E+79,1.85294E+80
126,6.09204E+80,6.19244E+80
127,7E+79,8.74614E+80
128,9.5864E+78,1.39586E+80
129,8.602E+78,9.38643E+80
130,5.96007E+78,3.85962E+80
131,7.8001E+80,7.86415E+80
132,5.01078E+79,2.53198E+80
133,3.70401E+80,3.75462E+80
134,6.43901E+78,7.2644E+80
135,8.2009E+80,8.21796E+80
136,2.90006E+79,4.29177E+80
137,2.00007E+74,5.49138E+80
138,1.00009E+80,1.34929E+80
139,7.0102E+80,7.41629E+80
140,8.00001E+80,8.25138E+80
141,2.9E+80,2.98764E+80
142,1.405E+78,9.31466E+80
143,4.70001E+79,6.47813E+80
144,9.1008E+80,9.17487E+80
145,4.708E+77,9.16474E+80
146,3.40216E+79,8.34922E+80
147,3.00205E+78,8.93612E+80
148,3.80109E+77,5.74386E+80
149,4.0802E+80,4.38725E+80
150,7.3082E+79,9.73483E+80
151,1.30701E+78,8.21397E+80
152,2.04E+79,3.2646E+80
153,1.30002E+76,9.58413E+80
154,5.03961E+80,5.73962E+80
155,9.00001E+79,2.94367E+80
156,2.43705E+80,2.43785E+80
157,8.0051E+80,8.39516E+80
158,1.5304E+78,6.91532E+80
159,2.03049E+79,1.27355E+80
160,3.01002E+80,3.51793E+80
161,3.80275E+78,4.93863E+80
162,7.00002E+79,5.72394E+80
163,5.90037E+74,8.12377E+80
164,3.70218E+79,9.37422E+80
165,1.00041E+79,3.12655E+80
166,2.09E+80,2.89761E+80
167,5.0002E+79,7.56892E+80
168,7.30085E+78,2.97365E+80
169,5.43E+80,5.4322E+80
170,7E+79,9.78613E+80
171,6.3009E+77,8.75634E+80
172,9.00106E+80,9.73147E+80
173,4.7052E+79,9.47352E+80
174,7.01006E+77,2.39781E+80
175,9.0406E+78,5.89744E+80
176,6.49108E+80,6.49139E+80
177,8.00001E+77,9.41856E+80
178,1.02008E+77,4.73193E+80
179,9.00803E+77,6.57922E+80
180,3.0005E+78,2.13949E+80
181,9.638E+79,4.96383E+80
182,4.03901E+78,2.6454E+80
183,4.07201E+80,4.67284E+80
184,1.08E+80,1.58973E+80
185,1.00041E+80,1.76844E+80
186,2.09008E+77,7.35269E+80
187,9.0062E+80,9.78621E+80
188,4.00075E+79,6.48138E+80
189,8.30001E+79,5.83964E+80
190,6.0305E+79,7.68315E+80
191,1.43E+79,7.14399E+80
192,9.08004E+78,6.19582E+80
193,2.00308E+78,7.92513E+80
194,3E+80,3.57486E+80
195,9.06073E+80,9.16474E+80
196,5.00012E+80,5.73612E+80
197,4.0006E+78,1.34579E+80
198,4.00056E+80,4.92857E+80
199,8.5003E+78,6.18549E+80
200,8.63027E+80,8.63427E+80
201,5.0048E+78,1.95265E+80
202,4.9003E+74,8.56172E+80
203,1.00021E+80,1.34528E+80
204,4.60305E+75,2.78195E+80
205,4.00308E+78,6.24953E+80
206,8.007E+77,1.64896E+80
207,5.07301E+79,4.58732E+80
208,4.90107E+80,4.95167E+80
209,1.0057E+78,6.81936E+80
210,1.0403E+79,2.18454E+80
211,1.00096E+79,7.1484E+80
212,4.307E+80,4.35713E+80
213,6.00001E+78,9.46215E+80
214,3.02006E+79,6.3429E+80
215,2.40009E+80,2.48159E+80
216,7.80091E+79,6.78249E+80
217,6.14009E+79,3.61479E+80
218,7.30002E+76,5.26974E+80
219,5.0702E+80,5.67321E+80
220,5.98005E+79,2.59816E+80
221,5.0028E+79,4.59729E+80
222,2.06709E+80,2.86759E+80
223,5.03907E+79,1.52399E+80
224,8.2007E+79,6.82498E+80
225,9.08064E+79,4.91876E+80
226,9.37056E+79,8.93746E+80
227,3.0574E+80,3.65748E+80
228,7.003E+80,7.42396E+80
229,2.06008E+80,2.36949E+80
230,6.00059E+79,4.63126E+80
231,4.0001E+80,4.69817E+80
232,4E+80,4.35673E+80
233,6.074E+79,8.61743E+80
234,1.00005E+80,1.72565E+80
235,2.00081E+78,6.72432E+80
236,3.00029E+80,3.1873E+80
237,5.00063E+80,5.84963E+80
238,1.0065E+80,1.98654E+80
239,1.40001E+76,9.72814E+80
240,9.5001E+76,3.64796E+80
241,3.00002E+79,5.37824E+80
242,1.0607E+73,4.38965E+80
243,5.067E+80,5.96718E+80
244,1.82591E+79,4.1826E+80
245,4.00906E+78,8.74529E+80
246,9.00083E+79,2.97148E+80
247,7.50384E+76,2.96175E+80
248,1E+80,1.39854E+80
249,4.0008E+76,3.17943E+80
250,7.20056E+79,9.72316E+80
251,1.00073E+79,5.12467E+80
252,2.6E+78,5.32699E+80
253,6.98052E+79,7.69815E+80
254,7.40251E+80,7.41259E+80
255,3.20501E+76,8.17433E+80
256,5.8E+78,1.95876E+80
257,1.50609E+79,7.15365E+80
258,3.00709E+80,3.46759E+80
259,3.79E+80,3.79264E+80
260,3.64791E+78,1.23648E+80
261,1.08306E+80,1.78326E+80
262,9.802E+80,9.81254E+80
263,3E+78,7.1366E+80
264,9.00001E+80,9.46838E+80
265,6.7E+79,2.67535E+80
266,5.01E+79,9.56187E+80
267,6.8E+78,3.76852E+80
268,1.25004E+79,6.12593E+80
269,2.56E+76,7.84326E+80
270,9.00002E+80,9.67452E+80
271,3.081E+79,2.34818E+80
272,3.2005E+79,6.32976E+80
273,8.70002E+77,5.26873E+80
274,8.31041E+79,2.83175E+80
275,3.00011E+79,4.38971E+80
276,5.00011E+79,2.54891E+80
277,9.0001E+77,4.86938E+80
278,1.0002E+80,1.73926E+80
279,4.198E+79,5.41984E+80
280,5.0001E+80,5.86414E+80
281,1.605E+80,1.68539E+80
282,6.00325E+79,4.69133E+80
283,5.00097E+79,8.5143E+80
284,8.071E+80,8.47192E+80
285,2.30011E+80,2.37417E+80
286,2.13064E+78,7.52139E+80
287,6.1E+79,9.61875E+80
288,5.1872E+78,9.35187E+80
289,4.06905E+79,8.42698E+80
290,7.0003E+80,7.18236E+80
291,3.00201E+78,1.63543E+80
292,4.15E+77,8.39416E+80
293,3.00004E+78,5.93876E+80
294,9.705E+78,3.69716E+80
295,6.0503E+79,7.64514E+80
296,5.062E+79,7.54623E+80
297,8.00021E+80,8.65721E+80
298,7.00069E+80,7.52369E+80
299,1.00801E+79,2.15984E+80
300,6.0078E+78,3.96148E+80
301,8.31004E+78,5.98317E+80
302,9.1E+80,9.13453E+80
303,8.001E+77,4.26837E+80
304,8.073E+77,2.91857E+80
305,8.004E+80,8.92475E+80
306,9.00001E+79,3.91428E+80
307,4.7005E+80,4.78251E+80
308,9.80706E+78,1.59837E+80
309,9.40003E+80,9.41763E+80
310,6.007E+79,9.64174E+80
311,6.40701E+77,5.82642E+80
312,9.02E+80,9.82531E+80
313,5.10041E+79,2.51365E+80
314,7.0023E+80,7.49236E+80
315,9.00304E+80,9.86375E+80
316,7.208E+80,7.29846E+80
317,4.00105E+79,9.42719E+80
318,4.00036E+80,4.12737E+80
319,4.20071E+80,4.28972E+80
320,3.0164E+80,3.71646E+80
321,6.12078E+78,5.46124E+80
322,7.00001E+80,7.58491E+80
323,9.0001E+80,9.48216E+80
324,1.002E+80,1.74298E+80
325,1.05095E+78,2.61358E+80
326,3.00421E+79,5.38942E+80
327,3.0006E+80,3.85964E+80
328,7.80101E+79,3.78915E+80
329,1.907E+78,5.81938E+80
330,2.00801E+80,2.56814E+80
331,1.06E+79,9.12674E+80
332,4.00706E+77,8.92454E+80
333,1.6E+79,3.16786E+80
334,3.0007E+80,3.58172E+80
335,5.08104E+80,5.78135E+80
336,1.00003E+78,8.51397E+80
337,4.01007E+80,4.81267E+80
338,3.08074E+77,9.15368E+80
339,9.81E+79,6.98125E+80
340,4.08021E+80,4.38922E+80
341,6.02055E+80,6.72155E+80
342,5.03796E+79,2.5438E+80
343,5.30218E+79,7.53422E+80
344,1.0902E+78,5.61398E+80
345,1.00268E+76,4.3582E+80
346,9.40103E+80,9.48164E+80
347,6.20307E+79,5.6244E+80
348,2.036E+79,7.21369E+80
349,1.02605E+78,9.31527E+80
350,4.00095E+79,1.4383E+80
351,4.0109E+79,8.4317E+80
352,9.00571E+74,4.36252E+80
353,7.1008E+80,7.12686E+80
354,3.9E+80,3.91257E+80
355,7.0046E+78,1.27535E+80
356,2.0467E+80,2.34679E+80
357,1.903E+79,7.19835E+80
358,9.0008E+78,4.69572E+80
359,7.0098E+80,7.63985E+80
360,7.0006E+79,5.73497E+80
361,9.15603E+79,8.91563E+80
362,8.0007E+80,8.12675E+80
363,5.06409E+80,5.26439E+80
364,2.00401E+80,2.96474E+80
365,8.00006E+80,8.71936E+80
366,8.07E+80,8.57196E+80
367,1.08E+79,3.15827E+80
368,2.0304E+79,6.29355E+80
369,1.009E+80,1.74937E+80
370,3.29E+80,3.29175E+80
371,4.00317E+80,4.95317E+80
372,7.54003E+78,2.87542E+80
373,4.5018E+70,1.68329E+80
374,1.0006E+78,7.21846E+80
375,7.05001E+75,9.26817E+80
376,7.09608E+78,3.57196E+80
377,4.00009E+79,3.41266E+80
378,9.006E+80,9.75631E+80
379,2.0139E+79,8.2714E+80
380,1.0007E+77,2.93159E+80
381,7.00003E+76,4.58371E+80
382,4.17E+80,4.17924E+80
383,4.0068E+80,4.95682E+80
384,2.01009E+80,2.41589E+80
385,3.0008E+78,7.53947E+80
386,2.7E+80,2.75496E+80
387,2.008E+80,2.79863E+80
388,8.00201E+80,8.13265E+80
389,7.635E+77,1.49764E+80
390,8.00009E+80,8.24539E+80
391,9.002E+80,9.75248E+80
392,5.00001E+79,7.58361E+80
393,4.80006E+78,7.54829E+80
394,2.00501E+78,4.72386E+80
395,3.0007E+80,3.46571E+80
396,4.35902E+78,6.7436E+80
397,5.20406E+78,9.85234E+80
398,5.40806E+80,5.42837E+80
399,7.00038E+80,7.95139E+80
400,3.0001E+80,3.26418E+80
401,1.0009E+80,1.37894E+80
402,7.20089E+76,3.61473E+80
403,9.3E+75,8.64579E+80
404,5.20006E+78,1.8524E+80
405,1.05E+80,1.35946E+80
406,6.0009E+80,6.12396E+80
407,7.0208E+79,6.75298E+80
408,6.1008E+77,7.29614E+80
409,6.30051E+80,6.34259E+80
410,2E+79,1.28567E+80
411,9.60007E+80,9.62857E+80
412,5.1002E+79,4.51863E+80
413,5.00022E+78,9.75438E+80
414,8.02014E+77,9.74853E+80
415,8.9005E+80,8.97456E+80
416,9.00006E+80,9.75286E+80
417,3.0471E+78,9.83247E+80
418,5.068E+80,5.96873E+80
419,4.638E+80,4.63822E+80
420,5.39E+79,1.53963E+80
421,4.00005E+80,4.73965E+80
422,3.00482E+79,5.36748E+80
423,7.649E+76,8.25376E+80
424,3.00907E+78,2.5319E+80
425,7.00601E+80,7.31683E+80
426,7.604E+80,7.68494E+80
427,7.00409E+80,7.58429E+80
428,8.16057E+79,3.81626E+80
429,9.70001E+76,2.63197E+80
430,9.00029E+80,9.15429E+80
431,2.0013E+80,2.48136E+80
432,9.00301E+78,2.59873E+80
433,1.0092E+79,5.18493E+80
434,8.0007E+80,8.32675E+80
435,2.00019E+79,3.26742E+80
436,7.08002E+79,6.79843E+80
437,9.807E+78,6.59847E+80
438,5.10004E+79,6.51837E+80
439,8.90702E+80,8.96732E+80
440,6.97008E+73,8.31752E+80
441,5.10008E+80,5.19479E+80
442,6.50371E+78,1.96544E+80
443,2.105E+80,2.19547E+80
444,5.8107E+79,6.58147E+80
445,5.1079E+79,6.51379E+80
446,4.70891E+78,2.64759E+80
447,4.7906E+76,5.83148E+80
448,2.73068E+79,1.27397E+80
449,2.0547E+77,3.86295E+80
450,3.208E+79,7.32986E+80
451,6.50021E+76,4.31766E+80
452,6.53001E+80,6.53275E+80
453,2.0748E+77,5.96217E+80
454,4.507E+80,4.58719E+80
455,9.408E+79,5.94387E+80
456,8.90005E+80,8.97635E+80
457,9.6001E+78,2.89645E+80
458,2.7001E+78,6.92753E+80
459,2.08501E+78,3.62986E+80
460,2.00509E+80,2.3458E+80
461,1.3406E+80,1.34863E+80
462,7.0045E+79,1.78246E+80
463,8.05034E+80,8.95134E+80
464,2.0376E+78,9.12538E+80
465,8.0205E+80,8.42956E+80
466,7.81E+79,4.78136E+80
467,3.02008E+80,3.92168E+80
468,3.00005E+80,3.69425E+80
469,9.8007E+78,2.59837E+80
470,5.63003E+78,9.75634E+80
471,1.04051E+78,2.7185E+80
472,7.05093E+80,7.45893E+80
473,2.5E+78,9.42574E+80
474,1.2803E+76,5.74913E+80
475,5.001E+80,5.38169E+80
476,5.60031E+80,5.68438E+80
477,5.1084E+80,5.12847E+80
478,6.951E+80,6.95138E+80
479,7.0002E+79,8.73163E+80
480,8E+79,4.82375E+80
481,5.02408E+80,5.12469E+80
482,9.40605E+80,9.42685E+80
483,4.30602E+77,8.7144E+80
484,9E+80,9.43718E+80
485,6.0704E+80,6.87941E+80
486,8.0065E+80,8.49654E+80
487,9.6044E+75,2.1874E+80
488,2.8105E+78,4.62818E+80
489,7.00264E+77,5.91783E+80
490,1.07691E+77,8.45128E+80
491,5.078E+78,3.25479E+80
492,6.07805E+79,9.62783E+80
493,8.09005E+80,8.39745E+80
494,8.00901E+77,7.15847E+80
495,5.0006E+78,4.25784E+80
496,6.9705E+78,2.86972E+80
497,9.07106E+80,9.87146E+80
498,3.00501E+78,9.73465E+80
499,3.09005E+79,1.32987E+80
500,5.7E+78,9.35763E+80
501,9.80001E+75,7.6514E+80
502,4.002E+78,6.54972E+80
503,7.028E+80,7.12893E+80
504,5.40311E+77,8.26549E+80
505,6.0085E+80,6.34853E+80
506,3.06709E+76,1.5244E+80
507,3.087E+79,2.36875E+80
508,8.20003E+80,8.25144E+80
509,9.06421E+73,3.58418E+80
510,4.00801E+80,4.37851E+80
511,4.80003E+80,4.87133E+80
512,3.80068E+80,3.89168E+80
513,2.7E+79,4.2762E+80
514,9.024E+78,1.69825E+80
515,3.09071E+80,3.49671E+80
516,5.0006E+79,3.59847E+80
517,6.00203E+80,6.15283E+80
518,5.40103E+79,7.54619E+80
519,2.60039E+80,2.6414E+80
520,3.06001E+77,7.98317E+80
521,2.09E+79,3.25982E+80
522,8.00524E+78,3.68795E+80
523,8.00521E+79,6.83752E+80
524,1.00041E+80,1.96348E+80
525,7.305E+80,7.34563E+80
526,7.80041E+79,3.78954E+80
527,9.54008E+78,1.69544E+80
528,1.0605E+79,8.12646E+80
529,7.40001E+80,7.46832E+80
530,1.07903E+79,4.16798E+80
531,6.41021E+78,5.36417E+80
532,6.21071E+79,9.62157E+80
533,6.03091E+80,6.43196E+80
534,7.00651E+80,7.49654E+80
535,4.0008E+80,4.36287E+80
536,2.05031E+79,7.26514E+80
537,9.00507E+78,4.39186E+80
538,4.203E+73,7.95836E+80
539,1.9302E+79,6.19373E+80
540,6.00015E+76,2.93766E+80
541,6.49005E+75,1.72386E+80
542,1.29406E+78,8.71294E+80
543,6.80003E+78,4.1686E+80
544,6.00035E+79,1.69824E+80
545,8.0324E+78,7.68132E+80
546,9.683E+76,7.54297E+80
547,3.9008E+78,7.53925E+80
548,6.00324E+80,6.78324E+80
549,5.9023E+80,5.94232E+80
550,7.004E+79,9.78146E+80
551,3.00071E+80,3.91276E+80
552,9.0523E+79,1.94524E+80
553,7.906E+80,7.95631E+80
554,8E+80,8.6348E+80
555,2.69008E+79,4.26932E+80
556,2.06E+80,2.86944E+80
557,8.0005E+79,1.89675E+80
558,3.00762E+80,3.95762E+80
559,2.74E+75,3.56183E+80
560,3.0475E+79,9.38475E+80
561,7.4205E+79,9.74216E+80
562,4.20031E+77,6.71429E+80
563,5.06407E+76,1.7236E+80
564,4.0082E+75,7.59235E+80
565,8.605E+76,9.37186E+80
566,5.06008E+79,3.52615E+80
567,4.03E+79,1.4833E+80
568,8.0005E+78,9.78642E+80
569,4.85001E+79,7.48524E+80
570,8.70001E+80,8.72947E+80
571,5.08011E+80,5.78215E+80
572,2.00491E+78,5.62135E+80
573,5.60012E+78,3.45698E+80
574,3.00701E+79,6.34573E+80
575,1.04001E+79,9.18453E+80
576,4.00602E+80,4.57692E+80
577,7.23E+77,9.65724E+80
578,3.0921E+80,3.89217E+80
579,8.052E+78,1.48953E+80
580,4.00206E+79,5.47924E+80
581,1.204E+80,1.25498E+80
582,4.00601E+77,5.72484E+80
583,2.60801E+79,3.2649E+80
584,3E+79,1.38458E+80
585,7.00031E+78,5.87142E+80
586,1.0706E+80,1.37863E+80
587,2.00301E+76,7.84127E+80
588,5.07048E+78,9.25376E+80
589,1.00009E+80,1.3258E+80
590,9.80001E+80,9.81626E+80
591,5.00701E+80,5.91764E+80
592,3.0216E+79,8.34217E+80
593,2.601E+79,7.2642E+80
594,1.00021E+80,1.96724E+80
595,3.00901E+79,7.31495E+80
596,6.07E+79,1.65794E+80
597,4.00986E+79,7.43599E+80
598,9.80201E+78,4.59833E+80
599,2.60935E+80,2.64936E+80
600,3.98008E+77,2.65398E+80
601,4.00517E+76,6.32949E+80
602,7E+80,7.83215E+80
603,9.00033E+80,9.61433E+80
604,6.00341E+79,7.62534E+80
605,7E+79,9.71635E+80
606,3.06091E+79,5.37689E+80
607,9.00005E+80,9.83675E+80
608,4.00061E+80,4.21368E+80
609,5.9401E+78,7.35948E+80
610,1.6E+80,1.68438E+80
611,3.7004E+80,3.79249E+80
612,4.02001E+79,8.43292E+80
613,3.00401E+80,3.82466E+80
614,8.96E+79,4.89653E+80
615,2.935E+79,4.29357E+80
616,1.00007E+78,5.91343E+80
617,8.59E+79,1.85946E+80
618,2.5009E+78,3.62585E+80
619,9.04253E+79,8.91425E+80
620,3.002E+76,6.45732E+80
621,9.305E+78,4.19376E+80
622,8.906E+79,5.89263E+80
623,7.00928E+77,6.31746E+80
624,9.0003E+79,1.92874E+80
625,7.002E+80,7.68249E+80
626,1.8003E+77,2.75187E+80
627,1.27001E+77,9.54128E+80
628,5.6392E+79,7.56392E+80
629,2.40902E+80,2.43952E+80
630,3.00962E+79,8.37296E+80
631,2.1008E+78,3.92165E+80
632,4.03003E+80,4.53813E+80
633,7.60391E+78,1.87624E+80
634,7.006E+78,1.97846E+80
635,2.05901E+79,7.21593E+80
636,1.40001E+80,1.42984E+80
637,4.00001E+80,4.59319E+80
638,6.00051E+78,7.26842E+80
639,2.0058E+78,4.62936E+80
640,9.05E+80,9.15378E+80
641,4.00009E+80,4.73919E+80
642,8.01079E+80,8.4158E+80
643,6.30902E+80,6.35942E+80
644,8.6E+80,8.69154E+80
645,9.0052E+78,7.39485E+80
646,2.37E+75,6.49182E+80
647,2.87E+80,2.87136E+80
648,5.0712E+77,8.49567E+80
649,6.098E+80,6.59812E+80
650,1.00006E+80,1.37246E+80
651,8.07005E+79,2.83717E+80
652,1.08E+79,9.13876E+80
653,1.89001E+78,7.51893E+80
654,2.4705E+76,8.36925E+80
655,5.70006E+80,5.73196E+80
656,9.40008E+78,1.39466E+80
657,8.07005E+79,6.84792E+80
658,1.70601E+78,8.31726E+80
659,5.0619E+79,7.58619E+80
660,1.00074E+79,9.16527E+80
661,5.00216E+78,7.35482E+80
662,5.02E+79,8.54237E+80
663,6.00742E+78,9.36857E+80
664,7.10005E+80,7.16295E+80
665,2.10841E+79,9.21784E+80
666,5.80294E+79,7.58629E+80
667,2.16005E+79,8.21659E+80
668,9.00201E+78,7.39182E+80
669,1.05801E+80,1.7584E+80
670,2.07089E+79,3.24759E+80
671,1.00945E+79,3.12795E+80
672,1.0529E+76,6.87315E+80
673,8.00903E+80,8.61954E+80
674,2.0503E+80,2.15838E+80
675,6.40013E+80,6.45813E+80
676,1.00405E+78,6.21735E+80
677,1.09681E+78,4.71297E+80
678,4.00062E+80,4.35762E+80
679,7.80103E+76,6.52478E+80
680,8.70211E+75,4.93159E+80
681,1.5E+79,2.15687E+80
682,1.00095E+80,1.23695E+80
683,9.037E+77,8.46924E+80
684,3.8004E+79,2.38915E+80
685,2.00169E+79,7.25817E+80
686,7.40008E+78,9.17463E+80
687,3.67002E+80,3.67892E+80
688,1.07E+79,9.14724E+80
689,4.0017E+80,4.65173E+80
690,2.03001E+80,2.63571E+80
691,2.80005E+79,3.28195E+80
692,5.00403E+80,5.76423E+80
693,1.06005E+78,4.31769E+80
694,4.70001E+79,9.47258E+80
695,1.8502E+80,1.85325E+80
696,1.50005E+75,8.37462E+80
697,1.04007E+79,5.13497E+80
698,1.09801E+77,5.4618E+80
699,8.21091E+79,7.8215E+80
700,1.0785E+80,1.97853E+80
701,8.001E+80,8.27156E+80
702,1.2604E+79,5.12685E+80
703,9E+80,9.35413E+80
704,8.00203E+79,9.86721E+80
705,3.492E+79,5.34929E+80
706,9.0762E+80,9.37628E+80
707,4.10392E+79,6.41839E+80
708,1.40507E+80,1.42598E+80
709,5.01E+80,5.61897E+80
710,2.009E+80,2.13976E+80
711,4.0082E+80,4.31828E+80
712,8.006E+79,3.81965E+80
713,8.07006E+79,9.84752E+80
714,6.00009E+79,5.67824E+80
715,4.00909E+79,5.41693E+80
716,5.30001E+76,6.28953E+80
717,9.30021E+80,9.35128E+80
718,4.10004E+78,2.94168E+80
719,8.10534E+79,6.81953E+80
720,5.0008E+80,5.4279E+80
721,2.09E+80,2.19464E+80
722,3.54001E+80,3.54692E+80
723,5.9026E+80,5.93268E+80
724,1.0053E+80,1.98538E+80
725,1.008E+76,3.62915E+80
726,3.00608E+80,3.52679E+80
727,7E+79,1.74269E+80
728,2.00047E+80,2.59347E+80
729,4.5E+80,4.56319E+80
730,7.904E+79,1.79249E+80
731,3.00004E+80,3.79155E+80
732,3.00407E+78,8.93254E+80
733,2.10001E+80,2.17936E+80
734,7.009E+80,7.51962E+80
735,2.03011E+79,9.26342E+80
736,1.05E+80,1.35973E+80
737,7.85009E+78,2.67853E+80
738,4.1007E+78,8.6414E+80
739,4.0801E+79,7.46813E+80
740,2.0607E+79,3.25647E+80
741,1.00003E+79,7.18265E+80
742,2.05101E+80,2.85144E+80
743,9.1E+80,9.13728E+80
744,5.04097E+80,5.34298E+80
745,7.09002E+77,6.34789E+80
746,9.00302E+79,5.91734E+80
747,4.90003E+78,6.34972E+80
748,6.03E+79,2.6735E+80
749,3.00192E+80,3.75193E+80
750,9.3106E+78,7.89316E+80
751,3.0204E+79,5.39284E+80
752,7.2401E+79,6.72482E+80
753,5.07001E+80,5.27642E+80
754,5.00802E+80,5.16843E+80
755,4.00301E+80,4.58318E+80
756,2.00597E+79,6.2386E+80
757,3.0009E+77,1.48326E+80
758,3.04007E+80,3.14587E+80
759,7.30095E+80,7.34695E+80
760,7.001E+79,4.72614E+80
761,7.80901E+79,1.78294E+80
762,9.78E+79,2.97835E+80
763,8.3E+79,5.83298E+80
764,7.00106E+79,5.78315E+80
765,1.20057E+79,3.12986E+80
766,7.31401E+75,6.59827E+80
767,6.09402E+79,7.63945E+80
768,1.8E+79,4.18657E+80
769,3.90015E+80,3.92716E+80
770,8.20004E+80,8.25694E+80
771,9.00541E+76,1.73698E+80
772,4.08E+79,5.43892E+80
773,6.0009E+80,6.45193E+80
774,9.0703E+80,9.47632E+80
775,3.09201E+80,3.89255E+80
776,9.80001E+80,9.84571E+80
777,6.82E+79,9.68254E+80
778,3.65E+80,3.65493E+80
779,3E+79,4.35288E+80
780,4.5361E+78,9.84536E+80
781,6.00025E+78,1.96487E+80
782,8.06301E+79,4.8264E+80
783,7.5009E+80,7.56394E+80
784,3.7E+79,9.37419E+80
785,4.05E+80,4.95618E+80
786,4.00021E+79,1.49782E+80
787,6.00802E+80,6.59812E+80
788,7.02E+79,6.71296E+80
789,5.00306E+78,8.95473E+80
790,4.00071E+79,2.46357E+80
791,9.08E+80,9.68741E+80
792,4.00021E+80,4.38927E+80
793,4.80009E+79,6.48716E+80
794,9.0806E+79,2.93876E+80
795,7.0004E+80,7.93542E+80
796,8.6E+79,5.86319E+80
797,6.90001E+80,6.94714E+80
798,1.604E+80,1.62484E+80
799,6.2807E+80,6.28375E+80
800,2E+80,2.93165E+80
801,5.70009E+78,2.45737E+80
802,2.6004E+79,7.26155E+80
803,7.603E+80,7.61346E+80
804,7E+80,7.89452E+80
805,8.6073E+80,8.64733E+80
806,9.00405E+80,9.72436E+80
807,5E+80,5.7215E+80
808,6.8049E+79,7.6815E+80
809,9.00602E+75,7.35189E+80
810,3.00701E+79,1.34578E+80
811,9.00301E+80,9.24372E+80
812,8.40051E+78,7.28492E+80
813,8.3079E+80,8.32797E+80
814,4.00001E+80,4.79822E+80
815,4.81003E+79,9.48162E+80
816,3.20004E+80,3.25185E+80
817,4.30001E+76,8.65144E+80
818,1.00809E+80,1.2486E+80
819,7.04E+80,7.64232E+80
820,9.00601E+80,9.31686E+80
821,4.76E+78,8.54763E+80
822,2.04002E+80,2.94532E+80
823,7.0051E+80,7.83515E+80
824,4.57003E+78,2.94576E+80
825,3.1E+78,7.63194E+80
826,4.02105E+79,6.47219E+80
827,9.26053E+75,3.47589E+80
828,9.30046E+80,9.35246E+80
829,9.42001E+80,9.42714E+80
830,9.48061E+75,7.21369E+80
831,9.00801E+73,7.51427E+80
832,2.00001E+80,2.93681E+80
833,9.00001E+80,9.75413E+80
834,2E+80,2.16955E+80
835,1.906E+80,1.94675E+80
836,2.00042E+80,2.83742E+80
837,4E+80,4.96215E+80
838,5.92071E+78,4.15924E+80
839,8.0902E+80,8.19624E+80
840,1.50001E+80,1.53625E+80
841,2.00002E+78,8.32497E+80
842,7.59301E+79,4.75938E+80
843,3.7096E+79,4.37296E+80
844,9.04004E+80,9.14574E+80
845,4.10506E+75,2.93764E+80
846,7.6508E+80,7.65189E+80
847,4.0167E+79,5.48168E+80
848,4.02E+78,5.94629E+80
849,8.07903E+79,4.83796E+80
850,8.40905E+80,8.47965E+80
851,6.324E+79,7.63249E+80
852,7.25609E+80,7.25689E+80
853,3.5927E+79,4.35928E+80
854,5.026E+79,1.53268E+80
855,8.39E+80,8.39526E+80
856,4.80006E+80,4.82717E+80
857,8.0107E+79,3.85128E+80
858,9.05024E+79,7.91562E+80
859,5.1E+79,6.51744E+80
860,1.54701E+80,1.54799E+80
861,2.4009E+79,5.2469E+80
862,1.80009E+80,1.85739E+80
863,2.00076E+80,2.98376E+80
864,4.706E+80,4.72683E+80
865,3.05001E+80,3.25842E+80
866,3.01741E+80,3.21746E+80
867,5.009E+80,5.81962E+80
868,5.00001E+79,3.59284E+80
869,9.006E+80,9.87615E+80
870,8.00004E+80,8.76544E+80
871,1.00801E+80,1.4784E+80
872,1.0758E+79,6.14758E+80
873,3.078E+77,9.26358E+80
874,5.00001E+80,5.79621E+80
875,3E+80,3.45269E+80
876,4.0027E+79,3.48528E+80
877,5.60009E+80,5.64129E+80
878,2.01005E+80,2.41766E+80
879,3.10007E+79,9.31486E+80
880,8.05E+80,8.95146E+80
881,8.0006E+78,4.58272E+80
882,7.00491E+79,8.76249E+80
883,2.00157E+80,2.94157E+80
884,8E+80,8.45763E+80
885,2.00006E+76,4.81928E+80
886,1.00801E+79,2.16785E+80
887,1.0007E+80,1.7847E+80
888,1.62708E+79,4.16274E+80
889,3.8051E+79,9.38252E+80
890,3.0405E+79,7.31496E+80
891,4.07081E+78,1.94274E+80
892,3.90101E+78,4.53981E+80
893,7.02001E+78,8.67125E+80
894,9.4053E+79,6.94154E+80
895,3.0007E+79,9.38627E+80
896,3.85E+78,9.23857E+80
897,1.20009E+78,8.51264E+80
898,9.2E+80,9.21855E+80
899,9.10004E+79,6.91287E+80
900,6.0089E+80,6.21894E+80
901,3.1008E+77,9.75316E+80
902,3.07009E+80,3.6715E+80
903,9.103E+80,9.12387E+80
904,8.0309E+78,2.78635E+80
905,1.27E+78,6.91279E+80
906,5.00201E+80,5.17265E+80
907,2.6014E+80,2.63148E+80
908,8.02741E+75,5.19368E+80
909,3.0007E+77,9.65381E+80
910,1.40007E+80,1.43688E+80
911,1.8E+80,1.87936E+80
912,9.06001E+80,9.46128E+80
913,2.01049E+80,2.61749E+80
914,1.004E+79,7.18244E+80
915,7.02E+79,1.79265E+80
916,7.00014E+76,8.29576E+80
917,3.006E+79,9.35867E+80
918,3.00564E+79,1.32756E+80
919,7.00005E+80,7.48915E+80
920,6.8103E+78,2.56817E+80
921,9.00005E+75,7.18539E+80
922,6.05E+80,6.45829E+80
923,4.56001E+79,8.45672E+80
924,6.70004E+80,6.75234E+80
925,6.009E+79,1.64594E+80
926,4.02161E+79,3.49217E+80
927,3.028E+80,3.92858E+80
928,1.00021E+80,1.85328E+80
929,7.10043E+78,6.87159E+80
930,3.004E+79,9.32149E+80
931,8.09E+77,3.7483E+80
932,1.00005E+80,1.43895E+80
933,1.80059E+79,7.18366E+80
934,7.00091E+80,7.34197E+80
935,4.90005E+79,8.49327E+80
936,1.60705E+79,2.16979E+80
937,5.1004E+78,6.85197E+80
938,8.0004E+77,2.57814E+80
939,3.0205E+78,9.43729E+80
940,6.00107E+78,8.36252E+80
941,9.50007E+77,4.31958E+80
942,4.01004E+79,2.48169E+80
943,7.00901E+80,7.13985E+80
944,4.01001E+78,5.94713E+80
945,8.00001E+80,8.57242E+80
946,6.00028E+80,6.49528E+80
947,1.003E+79,6.14837E+80
948,2.54631E+78,7.92546E+80
949,3.009E+80,3.48926E+80
950,9.00008E+78,1.59427E+80
951,3E+78,5.73941E+80
952,7.00812E+77,3.5675E+80
953,4.0109E+78,7.54813E+80
954,9.00021E+78,1.39867E+80
955,1.20057E+78,8.91237E+80
956,4.00803E+80,4.96833E+80
957,3.02054E+79,7.31285E+80
958,1.30901E+78,8.4133E+80
959,7.00003E+78,1.47357E+80
960,3.05002E+80,3.15873E+80
961,7.8407E+75,6.53928E+80
962,9.7005E+76,3.28197E+80
963,8.10006E+76,7.32982E+80
964,4.20008E+78,1.54298E+80
965,1.0052E+80,1.97525E+80
966,8.52101E+78,3.98522E+80
967,7.0001E+78,2.47859E+80
968,5.00008E+79,6.51498E+80
969,1.9004E+79,2.19535E+80
970,1.00703E+79,5.14678E+80
971,3.2E+79,9.32574E+80
972,9.04E+79,7.93486E+80
973,6.081E+79,9.62815E+80
974,2.09701E+78,6.12897E+80
975,5.607E+80,5.69724E+80
976,3E+79,1.32755E+80
977,5.004E+80,5.89461E+80
978,6.0904E+80,6.89342E+80
979,7.08E+78,5.17683E+80
980,9.1045E+78,7.29185E+80
981,9.7703E+73,6.52315E+80
982,2.50301E+76,4.18726E+80
983,4.00905E+78,6.8432E+80
984,8.00036E+80,8.12736E+80
985,5.03004E+79,1.57398E+80
986,8.63015E+76,7.94586E+80
987,8.00005E+80,8.39515E+80
988,3.004E+80,3.68452E+80
989,4.00001E+80,4.36282E+80
990,6.00005E+80,6.91735E+80
991,4.0094E+75,3.75825E+80
992,8.09072E+76,6.43186E+80
993,6.3078E+79,1.63279E+80
994,7.0012E+80,7.34126E+80
995,4.00502E+79,3.47159E+80
996,3.00001E+75,9.74563E+80
997,7.00002E+79,8.79514E+80
998,6.00185E+78,7.46392E+80
999,8.40704E+75,9.65128E+80
1000,9.36003E+79,4.93687E+80
1001,2.008E+78,1.62359E+80
1002,2.001E+79,9.28517E+80
1003,7.6029E+79,5.76829E+80
1004,7.1806E+79,4.71837E+80
1005,8.00509E+80,8.2454E+80
1006,4.0801E+80,4.78916E+80
1007,9.00032E+79,8.97543E+80
1008,8.047E+78,1.58947E+80
1009,3.04E+80,3.54179E+80
1010,1.07E+78,9.61376E+80
1011,3.40021E+78,1.63457E+80
1012,3.0509E+78,6.73153E+80
1013,8.0029E+80,8.47295E+80
1014,3.29506E+80,3.29517E+80
1015,1.00035E+80,1.86235E+80
1016,9.08005E+80,9.48715E+80
1017,4.087E+79,2.46871E+80
1018,1E+80,1.46853E+80
1019,9.1004E+79,7.91285E+80
1020,9.03E+80,9.63724E+80
1021,8.0794E+78,3.68179E+80
1022,4E+80,4.89573E+80
1023,6.0301E+79,8.64351E+80
1024,5.4E+80,5.46372E+80
1025,4.30906E+79,7.43199E+80
1026,5.60028E+79,7.56133E+80
1027,2.37901E+80,2.37965E+80
1028,6.14058E+80,6.14359E+80
1029,7.3106E+80,7.3157E+80
1030,6.0928E+78,7.46193E+80
1031,3.09481E+79,6.31949E+80
1032,7.00068E+79,1.75397E+80
1033,8.70301E+79,9.87631E+80
1034,6.00041E+77,9.12638E+80
1035,9.46108E+79,7.94616E+80
1036,4.081E+80,4.98154E+80
1037,1.836E+80,1.83672E+80
1038,1.0801E+80,1.4836E+80
1039,9.2306E+80,9.23765E+80
1040,7.09007E+77,1.2376E+80
1041,5.0019E+80,5.76198E+80
1042,6.00079E+80,6.43179E+80
1043,5.34949E+75,6.18275E+80
1044,4.20101E+80,4.2716E+80
1045,5.6037E+78,1.45694E+80
1046,3.099E+74,5.71264E+80
1047,6.00051E+80,6.47351E+80
1048,3.80001E+80,3.89462E+80
1049,4.69E+79,3.46919E+80
1050,6.00598E+79,4.6176E+80
1051,3.0015E+78,6.83742E+80
1052,1.073E+79,2.1674E+80
1053,2.0486E+78,3.72549E+80
1054,1.27001E+77,4.85128E+80
1055,4.803E+79,7.48633E+80
1056,5E+76,4.76853E+80
1057,5.7036E+80,5.72364E+80
1058,6.548E+79,2.65487E+80
1059,2.008E+79,1.26985E+80
1060,1.05E+79,8.17564E+80
1061,4.00125E+77,8.97436E+80
1062,5.07008E+75,6.92135E+80
1063,8.00001E+78,2.3842E+80
1064,5.41E+79,8.54128E+80
1065,1.00099E+79,2.1476E+80
1066,2E+76,6.7413E+80
1067,1.00039E+77,8.47126E+80
1068,1.00073E+78,5.91683E+80
1069,3.0458E+78,6.23746E+80
1070,8.00704E+76,5.92484E+80
1071,2.06504E+79,8.27659E+80
1072,9.5E+79,3.95618E+80
1073,5.203E+80,5.2635E+80
1074,1.08407E+79,2.13846E+80
1075,3.00006E+80,3.57296E+80
1076,6.4007E+78,2.3646E+80
1077,1.27E+80,1.27349E+80
1078,7.09458E+79,2.76946E+80
1079,1.09306E+78,2.51794E+80
1080,2.70045E+80,2.73845E+80
1081,7.60005E+80,7.69245E+80
1082,8.49307E+80,8.49328E+80
1083,2.17007E+80,2.17837E+80
1084,6.0924E+79,7.65925E+80
1085,8.70002E+79,3.87456E+80
1086,3.60102E+78,4.83652E+80
1087,3.08207E+80,3.58277E+80
1088,6E+80,6.52947E+80
1089,7.00803E+77,6.15744E+80
1090,2.03851E+78,1.42939E+80
1091,1.00002E+80,1.87392E+80
1092,7.92107E+75,6.38458E+80
1093,5.04E+80,5.94782E+80
1094,4.06082E+80,4.76582E+80
1095,4.05036E+80,4.15237E+80
1096,7E+80,7.62891E+80
1097,5.03071E+80,5.93272E+80
1098,3.80025E+80,3.85925E+80
1099,2.304E+78,7.52315E+80
1100,5.09E+79,8.53947E+80
1101,7.89005E+75,2.43168E+80
1102,2.01009E+79,8.26155E+80
1103,5.10001E+78,7.95124E+80
1104,2.00917E+78,6.52389E+80
1105,9.48001E+79,3.94826E+80
1106,7.9004E+80,7.91543E+80
1107,3.08E+79,2.36895E+80
1108,7.00201E+80,7.39215E+80
1109,7.0004E+80,7.52642E+80
1110,3.14089E+77,2.76315E+80
1111,9.00001E+80,9.56321E+80
1112,7.00911E+79,2.76391E+80
1113,6.00003E+77,4.93618E+80
1114,8.0023E+79,7.84524E+80
1115,1.709E+80,1.78956E+80
1116,6.03103E+79,5.64318E+80
1117,9.00602E+79,5.97864E+80
1118,4.00603E+77,8.51493E+80
1119,3.10904E+79,7.31295E+80
1120,5.10007E+80,5.14388E+80
1121,1.8076E+79,9.18377E+80
1122,5.70011E+80,5.76214E+80
1123,3.0089E+78,1.23479E+80
1124,2.70004E+79,9.27183E+80
1125,1.00629E+79,5.14763E+80
1126,7.80093E+80,7.82593E+80
1127,9.00005E+79,6.93288E+80
1128,4.5801E+75,3.96275E+80
1129,9.00201E+77,8.14976E+80
1130,3.00001E+79,8.39175E+80
1131,5.0024E+77,8.61539E+80
1132,2.6504E+80,2.65941E+80
1133,3.794E+79,6.37946E+80
1134,5.00091E+80,5.31499E+80
1135,1.02065E+80,1.32966E+80
1136,7.06503E+78,4.97166E+80
1137,1.6004E+79,2.16735E+80
1138,1.00306E+76,5.24919E+80
1139,7.00151E+78,4.37862E+80
1140,7.60302E+76,5.48976E+80
1141,7.91E+76,2.35879E+80
1142,1.9007E+77,3.86193E+80
1143,1.08003E+79,5.12876E+80
1144,1.02E+77,7.94183E+80
1145,6.01E+80,6.51974E+80
1146,1.002E+79,8.16724E+80
1147,3.09008E+79,6.32952E+80
1148,3.5003E+78,7.43516E+80
1149,9.40002E+80,9.48363E+80
1150,3.06E+80,3.16528E+80
1151,9.51007E+78,8.39513E+80
1152,2.70891E+77,6.34276E+80
1153,7.05001E+80,7.25614E+80
1154,8.5046E+78,7.28515E+80
1155,1.6E+80,1.62894E+80
1156,1.90502E+78,8.71936E+80
1157,2.70002E+78,3.92747E+80
1158,1.00021E+79,8.13453E+80
1159,2.0006E+77,3.87292E+80
1160,8.0309E+77,5.16843E+80
1161,2.09E+80,2.59487E+80
1162,8.02506E+76,1.43789E+80
1163,4.0008E+80,4.79382E+80
1164,1.0009E+77,2.86174E+80
1165,4.2E+77,8.67429E+80
1166,7.49161E+78,3.87492E+80
1167,9E+80,9.45631E+80
1168,9.00001E+79,2.96316E+80
1169,1.00301E+79,9.12739E+80
1170,7.0006E+80,7.29863E+80
1171,9.0501E+79,4.96571E+80
1172,3.006E+78,5.93187E+80
1173,8.6E+79,5.86325E+80
1174,2.30604E+79,1.23865E+80
1175,2.00031E+80,2.49532E+80
1176,2.1E+79,9.21547E+80
1177,7.004E+79,5.78942E+80
1178,8.05307E+79,1.84533E+80
1179,8.90043E+78,6.28915E+80
1180,3.00002E+79,5.37289E+80
1181,9.50008E+80,9.57638E+80
1182,2.09E+78,4.82196E+80
1183,9.40001E+79,5.94876E+80
1184,4.00002E+80,4.23762E+80
1185,8.52071E+78,1.68524E+80
1186,7.80156E+78,4.27892E+80
1187,2.8017E+80,2.86176E+80
1188,8.0001E+78,7.58926E+80
1189,6.0004E+78,7.96185E+80
1190,8.60101E+79,5.86412E+80
1191,4.02001E+74,6.37915E+80
1192,4.81006E+78,3.7482E+80
1193,9.40007E+80,9.41358E+80
1194,7.04207E+77,3.59714E+80
1195,2.6007E+80,2.69175E+80
1196,9.05064E+80,9.15264E+80
1197,8E+80,8.74653E+80
1198,6.59E+77,8.31659E+80
1199,3.2087E+80,3.29874E+80
1200,3.8602E+77,7.95386E+80
1201,8.9E+77,7.63893E+80
1202,1.004E+75,2.53892E+80
1203,2.00642E+80,2.85642E+80
1204,2.8519E+78,3.62852E+80
1205,8.00015E+80,8.32615E+80
1206,8.00004E+78,4.68292E+80
1207,3.00743E+79,9.31574E+80
1208,7.4086E+80,7.45861E+80
1209,3.08008E+79,2.39817E+80
1210,1.40079E+80,1.4288E+80
1211,4.76001E+79,8.47613E+80
1212,7.02611E+78,8.37426E+80
1213,6.98E+79,5.69813E+80
1214,2.0097E+78,1.8244E+80
1215,3.80509E+79,2.38457E+80
1216,8.0009E+78,5.28438E+80
1217,4.07652E+74,3.89152E+80
1218,2.5004E+80,2.57944E+80
1219,2.50016E+77,7.89253E+80
1220,7.00044E+79,6.71524E+80
1221,6.0508E+80,6.45789E+80
1222,7E+79,6.74929E+80
1223,5.07603E+78,2.85176E+80
1224,7.90008E+80,7.92138E+80
1225,7.0005E+80,7.2635E+80
1226,7.50001E+78,2.97516E+80
1227,3.20701E+77,6.54329E+80
1228,6.02E+79,7.65215E+80
1229,9.30005E+80,9.31766E+80
1230,2.7009E+78,1.32746E+80
1231,9.0006E+79,5.94827E+80
1232,3.80001E+79,9.38754E+80
1233,7.093E+80,7.69382E+80
1234,7.50409E+80,7.56489E+80
1235,7.00005E+79,3.78613E+80
1236,8.09256E+78,7.18393E+80
1237,8.2006E+79,4.82316E+80
1238,3.81E+79,9.38128E+80
1239,8.05001E+79,6.89524E+80
1240,3.0098E+79,2.37599E+80
1241,3.6809E+79,4.36819E+80
1242,3.04001E+80,3.64196E+80
1243,6.50071E+80,6.52972E+80
1244,9.00608E+79,7.93563E+80
1245,9.0804E+78,1.59687E+80
1246,3.00509E+77,8.26342E+80
1247,5.7003E+79,1.57924E+80
1248,7.905E+79,4.79853E+80
1249,7.06218E+78,9.47362E+80
1250,6.14578E+78,9.26146E+80
1251,2.68E+77,4.13269E+80
1252,2E+78,4.12976E+80
1253,5.02007E+80,5.62948E+80
1254,1.0908E+79,6.15948E+80
1255,5.60081E+80,5.67183E+80
1256,9.0705E+80,9.27158E+80
1257,4.029E+78,5.7413E+80
1258,1.608E+80,1.65824E+80
1259,1.60508E+80,1.63598E+80
1260,6.003E+80,6.14359E+80
1261,5.748E+79,2.57484E+80
1262,3.608E+76,1.94736E+80
1263,6.50004E+79,9.65723E+80
1264,2.00567E+75,9.31863E+80
1265,3.00506E+77,2.84392E+80
1266,5.80047E+73,7.21946E+80
1267,1.00007E+79,6.1329E+80
1268,6.1705E+78,2.96179E+80
1269,6.002E+79,3.6583E+80
1270,4.0109E+80,4.61592E+80
1271,7.0809E+79,4.71869E+80
1272,4.0637E+80,4.86379E+80
1273,4.3007E+80,4.31576E+80
1274,9.00603E+80,9.43613E+80
1275,6.01008E+80,6.91439E+80
1276,7.02006E+80,7.32166E+80
1277,7.00059E+75,8.46318E+80
1278,4.21E+78,5.8422E+80
1279,7.00607E+74,9.12487E+80
1280,3.06008E+77,9.41327E+80
1281,8.307E+80,8.35715E+80
1282,1.30006E+78,2.71359E+80
1283,6.03501E+79,1.64353E+80
1284,5.00038E+79,9.56414E+80
1285,2.3604E+79,1.23695E+80
1286,9.46E+79,5.94623E+80
1287,9.71006E+78,4.89715E+80
1288,2.60059E+79,3.26716E+80
1289,7.001E+77,4.39726E+80
1290,1.0008E+80,1.67984E+80
1291,8.40001E+80,8.46522E+80
1292,3.70001E+77,6.84379E+80
1293,6.201E+80,6.24138E+80
1294,9.07022E+76,8.46594E+80
1295,1.427E+75,5.36891E+80
1296,2.9004E+77,1.53297E+80
1297,6.9408E+80,6.94288E+80
1298,2.408E+76,9.57324E+80
1299,9.80234E+79,7.98123E+80
1300,7.9002E+80,7.95826E+80
1301,2.00608E+78,3.92186E+80
1302,7.0852E+80,7.68521E+80
1303,1.2879E+78,3.61288E+80
1304,2.00005E+80,2.94736E+80
1305,8.95101E+79,4.89512E+80
1306,7.5001E+80,7.52318E+80
1307,5.0086E+78,4.15729E+80
1308,8.05601E+76,1.49383E+80
1309,9.00501E+79,3.92758E+80
1310,7.0903E+79,6.71953E+80
1311,5.12E+79,7.51289E+80
1312,1.24807E+80,1.24867E+80
1313,5.00008E+80,5.36148E+80
1314,7.9E+80,7.98635E+80
1315,2.04691E+77,3.78255E+80
1316,6.03071E+79,4.62398E+80
1317,1.00075E+77,4.8313E+80
1318,5.03007E+78,8.65433E+80
1319,2.01E+76,7.36925E+80
1320,6.0005E+79,3.64976E+80
1321,2.0803E+78,9.42587E+80
1322,6.40175E+77,9.82643E+80
1323,1E+79,7.12654E+80
1324,3.904E+78,8.63954E+80
1325,7.6008E+77,1.49765E+80
1326,9.0003E+80,9.16735E+80
1327,7.009E+80,7.28915E+80
1328,7.94071E+74,3.62186E+80
1329,5.6008E+80,5.62387E+80
1330,1.9003E+78,2.51964E+80
1331,7.60036E+80,7.69236E+80
1332,2.68E+79,1.2685E+80
1333,7E+80,7.54968E+80
1334,5.4016E+76,3.27855E+80
1335,5.00631E+79,9.54163E+80
1336,1.00081E+79,2.17639E+80
1337,9.002E+80,9.76282E+80
1338,5.03009E+80,5.63879E+80
1339,2.10364E+80,2.15365E+80
1340,1.57E+78,4.81576E+80
1341,6.35E+80,6.35829E+80
1342,5.00806E+78,3.45928E+80
1343,9.05004E+79,8.92567E+80
1344,9.853E+78,1.29854E+80
1345,2.90003E+80,2.97583E+80
1346,2.806E+80,2.87645E+80
1347,4.1006E+80,4.19765E+80
1348,6.9002E+80,6.95328E+80
1349,7.00042E+78,8.97536E+80
1350,1.04901E+80,1.24937E+80
1351,1.07049E+80,1.2755E+80
1352,7.60001E+79,9.76253E+80
1353,8.09132E+78,7.68491E+80
1354,6.10002E+79,7.61945E+80
1355,9.00084E+80,9.67284E+80
1356,1.598E+78,2.71599E+80
1357,4.02076E+80,4.32577E+80
1358,6.4081E+78,2.36458E+80
1359,1.60001E+80,1.68244E+80
1360,2.09E+80,2.59731E+80
1361,4.08074E+79,2.45897E+80
1362,7.9006E+77,5.12798E+80
1363,7.00829E+80,7.65829E+80
1364,1.07538E+76,9.64813E+80
1365,8.00573E+80,8.49573E+80
1366,2.00708E+80,2.65798E+80
1367,2.00004E+79,4.26917E+80
1368,2.6E+79,9.26155E+80
1369,3.00621E+80,3.48622E+80
1370,8.00907E+77,1.73846E+80
1371,1E+79,9.16732E+80
1372,4.06073E+79,8.41697E+80
1373,9.70003E+80,9.72683E+80
1374,3.02E+78,5.73826E+80
1375,4.10021E+79,7.41353E+80
1376,2.406E+80,2.43675E+80
1377,6.00305E+78,2.16574E+80
1378,7.00382E+79,9.75638E+80
1379,1.0532E+78,6.71853E+80
1380,8.70001E+79,5.87264E+80
1381,9.3071E+79,2.93672E+80
1382,6.0004E+79,2.61454E+80
1383,1.5094E+79,7.15694E+80
1384,4.091E+76,5.38247E+80
1385,4.00654E+79,8.41765E+80
1386,4.90508E+79,2.49652E+80
1387,6.00305E+78,9.46873E+80
1388,6.25001E+77,9.84625E+80
1389,3.62E+78,4.13628E+80
1390,1.00003E+80,1.38743E+80
1391,7.002E+80,7.49264E+80
1392,9.61005E+80,9.61346E+80
1393,8.00546E+79,7.83955E+80
1394,3.04E+80,3.74815E+80
1395,1.905E+79,7.19654E+80
1396,8.00001E+80,8.46238E+80
1397,5.00036E+80,5.87437E+80
1398,1.00571E+79,3.12857E+80
1399,7.00082E+80,7.43282E+80
1400,6.5702E+79,1.65792E+80
1401,7.00004E+80,7.96314E+80
1402,7.08031E+78,1.67285E+80
1403,4.70053E+80,4.73153E+80
1404,6.08019E+75,3.75247E+80
1405,1.00008E+80,1.93478E+80
1406,4.0701E+80,4.87514E+80
1407,6.59003E+77,1.8466E+80
1408,9E+80,9.37841E+80
1409,7.80403E+80,7.89453E+80
1410,7.65019E+76,8.23477E+80
1411,1.49076E+80,1.49576E+80
1412,6.09E+79,2.65937E+80
1413,3.005E+78,4.93165E+80
1414,7.00604E+80,7.41624E+80
1415,4.0007E+80,4.81679E+80
1416,4.00031E+79,1.49674E+80
1417,4.5E+80,4.59732E+80
1418,4.003E+79,8.47639E+80
1419,7.10091E+79,6.71549E+80
1420,4.00205E+80,4.73286E+80
1421,2.90008E+80,2.93658E+80
1422,5.00201E+79,8.51327E+80
1423,6E+79,9.67382E+80
1424,4.00302E+80,4.56393E+80
1425,9.046E+80,9.74632E+80
1426,1.857E+79,3.18575E+80
1427,1.00208E+79,3.16426E+80
1428,1.027E+80,1.52793E+80
1429,6.0397E+77,4.12654E+80
1430,4.063E+80,4.86359E+80
1431,9.00006E+80,9.75147E+80
1432,1.07083E+79,6.12798E+80
1433,3.20016E+80,3.29417E+80
1434,3.01E+80,3.71597E+80
1435,8.90105E+80,8.94125E+80
1436,1.093E+77,2.78159E+80
1437,4.00001E+80,4.36153E+80
1438,1.00806E+80,1.72837E+80
1439,6.70205E+79,8.6743E+80
1440,1.00458E+79,2.17946E+80
1441,1.00367E+79,2.18537E+80
1442,5.206E+80,5.27682E+80
1443,6.3E+79,4.63597E+80
1444,4.30892E+78,1.64379E+80
1445,8.6001E+80,8.65419E+80
1446,2.9087E+80,2.96871E+80
1447,1.379E+78,5.21379E+80
1448,6.807E+79,5.68279E+80
1449,2.38005E+78,6.72385E+80
1450,1.00705E+80,1.63755E+80
1451,2.0006E+77,1.85294E+80
1452,9.04001E+80,9.74133E+80
1453,4.20501E+76,1.89343E+80
1454,6.00079E+80,6.83479E+80
1455,9.2003E+76,1.78692E+80
1456,5.09008E+80,5.39268E+80
1457,8.09073E+77,6.52819E+80
1458,5.00006E+79,3.58922E+80
1459,4.67E+78,1.34676E+80
1460,3.002E+80,3.61275E+80
1461,9.80751E+77,1.63983E+80
1462,3.604E+80,3.67416E+80
1463,4.218E+79,7.42185E+80
1464,7.06E+80,7.46329E+80
1465,5.03001E+78,6.75235E+80
1466,4.672E+77,1.58467E+80
1467,1.0605E+78,5.31267E+80
1468,4.60503E+79,8.46759E+80
1469,9.0086E+80,9.74863E+80
1470,2.004E+77,8.96237E+80
1471,4.0906E+80,4.29568E+80
1472,3.0064E+80,3.71645E+80
1473,4.00623E+79,1.49862E+80
1474,3.094E+78,7.53895E+80
1475,7.00006E+78,8.47593E+80
1476,5.00002E+80,5.17682E+80
1477,1.6704E+78,9.81672E+80
1478,2.68E+80,2.68195E+80
1479,9.254E+80,9.25487E+80
1480,6.53E+77,7.42653E+80
1481,6.08706E+79,1.62874E+80
1482,1.02308E+79,7.19236E+80
1483,8.596E+80,8.59642E+80
1484,6.00701E+80,6.54781E+80
1485,3.00187E+79,4.37919E+80
1486,3.00005E+80,3.94175E+80
1487,4.0068E+80,4.73689E+80
1488,6.0907E+80,6.39275E+80
1489,2.0006E+80,2.45967E+80
1490,8.05E+79,4.89524E+80
1491,7.186E+79,2.71865E+80
1492,8.46203E+76,1.35785E+80
1493,1.08702E+77,6.39159E+80
1494,3.6004E+79,5.36984E+80
1495,7.0908E+80,7.49184E+80
1496,1.00008E+80,1.47959E+80
1497,9.00008E+78,1.59724E+80
1498,4.07005E+78,3.14277E+80
1499,4.903E+76,7.2165E+80
1500,8.0413E+80,8.6414E+80
1501,5.10073E+79,9.51687E+80
1502,2.00041E+79,8.27654E+80
1503,5.00039E+78,6.75428E+80
1504,2.0908E+78,6.72195E+80
1505,6.58901E+79,3.65892E+80
1506,8.079E+79,5.86792E+80
1507,7.2006E+75,9.38517E+80
1508,6.09074E+79,8.63957E+80
1509,6.00408E+79,5.67942E+80
1510,2.03006E+79,5.2832E+80
1511,6.00002E+77,4.81638E+80
1512,8.00701E+79,6.81274E+80
1513,8.0204E+80,8.6244E+80
1514,8.00013E+79,5.86491E+80
1515,5.70906E+80,5.78926E+80
1516,5.04E+80,5.14373E+80
1517,9.00033E+80,9.78133E+80
1518,1.90809E+76,3.57619E+80
1519,1.30079E+79,5.13488E+80
1520,3.00601E+80,3.84626E+80
1521,5.7E+77,3.84571E+80
1522,6.00178E+80,6.39178E+80
1523,5.0801E+77,7.12568E+80
1524,3.00861E+79,2.37187E+80
1525,6.452E+79,8.64529E+80
1526,9.00206E+79,1.94329E+80
1527,3.002E+79,7.35826E+80
1528,2.10007E+76,5.48622E+80
1529,8.0043E+80,8.57432E+80
1530,5.0421E+77,8.39564E+80
1531,8.4E+80,8.46933E+80
1532,4.00106E+80,4.89136E+80
1533,7.8005E+79,9.78315E+80
1534,2.0016E+78,7.82452E+80
1535,8.001E+79,5.86912E+80
1536,5.34001E+78,8.1535E+80
1537,2.06901E+78,3.52469E+80
1538,5.00691E+80,5.13698E+80
1539,5.6E+79,9.56327E+80
1540,5.64002E+78,8.15644E+80
1541,8.0047E+78,6.98135E+80
1542,2.03005E+79,1.28369E+80
1543,2.013E+80,2.41369E+80
1544,2.90803E+78,6.72958E+80
1545,7.0019E+79,5.7822E+80
1546,8.50024E+80,8.57125E+80
1547,5.82007E+80,5.82498E+80
1548,6.0007E+80,6.92471E+80
1549,6.00005E+78,7.26198E+80
1550,5.048E+80,5.94837E+80
1551,9.00062E+78,8.79544E+80
1552,9.04E+79,7.98431E+80
1553,5.00009E+80,5.12949E+80
1554,5.00081E+80,5.71683E+80
1555,2.0008E+80,2.46789E+80
1556,7.002E+80,7.39268E+80
1557,2.0005E+79,3.26916E+80
1558,5.81E+78,7.95816E+80
1559,7.65091E+79,8.76529E+80
1560,5.004E+79,8.59346E+80
1561,1.04058E+78,6.71343E+80
1562,7.06001E+77,4.28736E+80
1563,3.0267E+80,3.82675E+80
1564,1.00981E+78,2.3148E+80
1565,5.7208E+80,5.72683E+80
1566,5.0908E+80,5.79681E+80
1567,3.4E+79,6.34816E+80
1568,4.00065E+77,7.12484E+80
1569,5.0908E+76,7.63255E+80
1570,4.30009E+79,2.43568E+80
1571,9.08051E+78,6.39183E+80
1572,1.00038E+80,1.65938E+80
1573,6E+78,2.86395E+80
1574,8.257E+80,8.25764E+80
1575,8.094E+80,8.29476E+80
1576,8.001E+79,2.89318E+80
1577,6.4E+80,6.45972E+80
1578,2.40001E+79,3.24719E+80
1579,4.00902E+77,5.83427E+80
1580,3.00401E+80,3.75491E+80
1581,5.00013E+79,8.57431E+80
1582,6E+80,6.73159E+80
1583,4.6E+80,4.63522E+80
1584,3.5004E+78,7.23519E+80
1585,3.00954E+77,2.87317E+80
1586,9.00001E+76,8.74196E+80
1587,9.0005E+80,9.38456E+80
1588,6.00008E+80,6.45198E+80
1589,2.4E+79,5.24379E+80
1590,5.4E+80,5.47926E+80
1591,4.90002E+80,4.97633E+80
1592,5.0006E+77,3.18547E+80
1593,5.00087E+80,5.96187E+80
1594,7.2009E+79,1.7257E+80
1595,9.00706E+80,9.34717E+80
1596,3.50027E+78,1.63584E+80
1597,9.2005E+79,1.92835E+80
1598,5.10201E+80,5.16248E+80
1599,6.08001E+80,6.38955E+80
1600,8.02405E+77,7.63892E+80
1601,8.26001E+79,4.82659E+80
1602,5.60904E+78,7.35689E+80
1603,7.56E+80,7.56142E+80
1604,9.74028E+76,6.51897E+80
1605,1.28601E+79,9.12864E+80
1606,3.06002E+79,8.35674E+80
1607,4.009E+80,4.51973E+80
1608,1.00801E+80,1.96843E+80
1609,4.02005E+74,6.15978E+80
1610,9.10004E+78,5.79128E+80
1611,1.00006E+79,8.17346E+80
1612,4.00609E+78,9.14327E+80
1613,5.0218E+80,5.42189E+80
1614,2.5008E+80,2.53487E+80
1615,4.00316E+78,8.54973E+80
1616,8.00402E+79,5.86943E+80
1617,1.74052E+79,8.17435E+80
1618,3.8062E+80,3.84628E+80
1619,9.00368E+80,9.25368E+80
1620,1.40001E+78,3.21458E+80
1621,2.10808E+76,5.79322E+80
1622,6.03E+79,2.65399E+80
1623,1.00401E+79,2.18547E+80
1624,9.0301E+79,2.97382E+80
1625,8.0906E+79,1.83976E+80
1626,9.80014E+80,9.85215E+80
1627,4.00206E+79,7.45922E+80
1628,5.03001E+80,5.63842E+80
1629,5.9084E+79,3.59285E+80
1630,4.80006E+79,5.48232E+80
1631,2.00401E+80,2.63482E+80
1632,7.23405E+79,9.72342E+80
1633,9.7503E+76,1.62498E+80
1634,7.32006E+79,9.73285E+80
1635,9.0604E+79,8.97654E+80
1636,8.20706E+79,5.82972E+80
1637,8.76043E+76,2.51388E+80
1638,7.985E+79,2.79853E+80
1639,8.09008E+75,7.35168E+80
1640,4.0006E+80,4.87562E+80
1641,6.04301E+78,8.56143E+80
1642,5.0012E+80,5.74129E+80
1643,8.0905E+79,2.86975E+80
1644,5.3141E+79,7.53143E+80
1645,5.10036E+79,7.51984E+80
1646,9.06003E+79,7.91628E+80
1647,4.65001E+76,9.73247E+80
1648,3.026E+79,5.34269E+80
1649,3.24608E+73,1.98547E+80
1650,2.0008E+80,2.54784E+80
1651,5.70002E+80,5.73482E+80
1652,3.00001E+78,9.73259E+80
1653,5.00064E+80,5.24164E+80
1654,9.20015E+80,9.24616E+80
1655,6.30897E+78,5.26319E+80
1656,9.14305E+80,9.14326E+80
1657,2.00058E+80,2.49758E+80
1658,3.00081E+80,3.1459E+80
1659,5.00401E+79,1.53249E+80
1660,2.00063E+80,2.18964E+80
1661,3.40706E+77,8.95343E+80
1662,7.90609E+76,3.2418E+80
1663,5.80007E+78,1.95843E+80
1664,2.1E+77,6.47218E+80
1665,4.0209E+79,5.4722E+80
1666,2.0704E+80,2.97543E+80
1667,9.0401E+79,8.92432E+80
1668,1.083E+78,7.21684E+80
1669,6.9E+78,1.76954E+80
1670,3.00041E+80,3.61946E+80
1671,8.26017E+79,5.82642E+80
1672,6.018E+79,3.64183E+80
1673,4.3001E+78,9.64378E+80
1674,8.0106E+79,3.87146E+80
1675,6.0901E+80,6.89215E+80
1676,6.00005E+78,8.96273E+80
1677,4.80703E+78,6.24858E+80
1678,6.70003E+76,9.48567E+80
1679,1.02001E+80,1.42896E+80
1680,7.00061E+80,7.94264E+80
1681,7.6135E+78,2.47614E+80
1682,4.352E+79,6.43529E+80
1683,2.80416E+79,3.28942E+80
1684,1.72E+80,1.72398E+80
1685,2.00308E+77,5.67291E+80
1686,1.00043E+77,2.8616E+80
1687,9.00031E+80,9.52137E+80
1688,2.01003E+80,2.81744E+80
1689,3.00911E+76,2.47539E+80
1690,6.00021E+80,6.47822E+80
1691,7.609E+78,4.5764E+80
1692,1.00042E+80,1.75343E+80
1693,8.0539E+79,6.87539E+80
1694,4.096E+80,4.59681E+80
1695,5.02803E+79,9.57281E+80
1696,4.0031E+78,6.94823E+80
1697,8.48901E+73,1.57264E+80
1698,9.00301E+78,2.89163E+80
1699,9.00805E+80,9.26835E+80
1700,9.085E+80,9.18527E+80
1701,2.00101E+80,2.34187E+80
1702,5.00084E+80,5.91285E+80
1703,2.70108E+78,9.62731E+80
1704,3.00802E+77,9.45317E+80
1705,4.06807E+80,4.96837E+80
1706,1.35E+78,6.4136E+80
1707,2.809E+78,1.42859E+80
1708,8.3402E+76,1.65783E+80
1709,2.0605E+80,2.86457E+80
1710,5.43008E+79,9.54322E+80
1711,1.07509E+77,3.86128E+80
1712,7.009E+79,1.74399E+80
1713,7.004E+79,6.72845E+80
1714,4.2608E+76,3.18943E+80
1715,7.0052E+80,7.48522E+80
1716,2.605E+80,2.67598E+80
1717,7.006E+80,7.38649E+80
1718,4.0905E+78,3.74699E+80
1719,1.00945E+79,2.18395E+80
1720,2.05406E+80,2.85496E+80
1721,2.00011E+78,6.82473E+80
1722,4.00008E+80,4.72169E+80
1723,3.08601E+77,4.21379E+80
1724,3.70089E+80,3.72189E+80
1725,2.1E+77,6.74214E+80
1726,7.00504E+80,7.18565E+80
1727,2.0003E+73,6.79583E+80
1728,3.81006E+79,7.38125E+80
1729,3.9002E+80,3.96521E+80
1730,2.07E+79,8.25761E+80
1731,1.02048E+78,7.91326E+80
1732,7.0001E+80,7.89214E+80
1733,6.0401E+79,7.62452E+80
1734,8.00036E+79,2.81574E+80
1735,6.79004E+77,2.5468E+80
1736,5.1009E+78,7.25169E+80
1737,4.7009E+79,6.47259E+80
1738,3.8479E+79,6.3848E+80
1739,7.00301E+79,5.79438E+80
1740,2.43001E+80,2.43987E+80
1741,5.00003E+80,5.47363E+80
1742,9.178E+80,9.17862E+80
1743,3.06101E+76,7.85433E+80
1744,8.00011E+79,6.82351E+80
1745,5.10924E+80,5.17925E+80
1746,1.6401E+79,8.16438E+80
1747,9.60407E+79,2.96346E+80
1748,7.25101E+80,7.25197E+80
1749,5.3018E+79,4.53719E+80
1750,6.01201E+78,9.36712E+80
1751,3.40009E+80,3.45789E+80
1752,1.09008E+79,5.16938E+80
1753,8.3605E+77,7.49836E+80
1754,7.00992E+75,5.86427E+80
1755,7.061E+80,7.56189E+80
1756,3.0462E+80,3.54629E+80
1757,9.8002E+80,9.87625E+80
1758,2.70541E+76,9.38627E+80
1759,9.05084E+77,2.37916E+80
1760,9.74E+79,8.97432E+80
1761,4.608E+80,4.61853E+80
1762,3.00006E+80,3.21976E+80
1763,6.00094E+80,6.85194E+80
1764,7.0045E+79,1.72846E+80
1765,5.00007E+80,5.93627E+80
1766,4.3051E+80,4.3759E+80
1767,2.005E+80,2.76589E+80
1768,4E+80,4.92756E+80
1769,9.0507E+80,9.25174E+80
1770,3.807E+80,3.86749E+80
1771,1.05091E+79,8.13549E+80
1772,7.09001E+80,7.69515E+80
1773,8E+78,2.18458E+80
1774,7E+79,9.75431E+80
1775,6.02001E+77,8.57692E+80
1776,6.03042E+80,6.23542E+80
1777,2.06075E+80,2.36875E+80
1778,5.90001E+80,5.93479E+80
1779,6.2407E+79,3.62418E+80
1780,8.4002E+78,9.58476E+80
1781,2.00002E+80,2.65972E+80
1782,7.815E+79,9.78154E+80
1783,7.009E+80,7.41968E+80
1784,5.00003E+74,7.49239E+80
1785,8.69043E+79,1.86924E+80
1786,5.00749E+79,2.53675E+80
1787,1.03086E+78,5.71235E+80
1788,7.001E+77,6.43789E+80
1789,6.50009E+80,6.54319E+80
1790,3E+79,1.32868E+80
1791,2.004E+80,2.76484E+80
1792,6E+80,6.32978E+80
1793,5.306E+78,7.85317E+80
1794,1.0008E+79,7.13968E+80
1795,5.074E+80,5.37426E+80
1796,4.17E+80,4.17937E+80
1797,2.80401E+80,2.83452E+80
1798,3.087E+80,3.28796E+80
1799,5.02001E+80,5.32462E+80
1800,5.0901E+79,8.53922E+80
1801,9.002E+79,5.93127E+80
1802,6.35901E+77,8.72636E+80
1803,7.0009E+79,5.76289E+80
1804,4.09003E+79,2.47958E+80
1805,9.30085E+78,7.19363E+80
1806,6.702E+79,9.67325E+80
1807,2.9E+79,3.29466E+80
1808,1.70001E+80,1.79424E+80
1809,4.06421E+74,9.18327E+80
1810,7.9E+80,7.96324E+80
1811,6.04E+79,1.6744E+80
1812,4.00054E+76,3.91649E+80
1813,1.0506E+79,8.14576E+80
1814,9.06031E+80,9.26832E+80
1815,1.0642E+74,7.93485E+80
1816,7.0609E+80,7.46598E+80
1817,7.002E+80,7.16239E+80
1818,7.0085E+79,3.79485E+80
1819,5.043E+80,5.14388E+80
1820,4.90201E+80,4.98217E+80
1821,7.00181E+80,7.2319E+80
1822,2.78004E+80,2.78915E+80
1823,4.002E+80,4.63288E+80
1824,1.50039E+80,1.58239E+80
1825,2.085E+78,7.32486E+80
1826,5.02004E+79,9.56213E+80
1827,9.60042E+77,5.37962E+80
1828,4.00273E+78,6.84593E+80
1829,1.50004E+80,1.53965E+80
1830,6.1E+79,9.61726E+80
1831,8.074E+79,3.85742E+80
1832,8.05009E+80,8.3547E+80
1833,2.00008E+80,2.34618E+80
1834,6.04721E+78,8.56347E+80
1835,5.30209E+80,5.38249E+80
1836,9.37004E+80,9.37285E+80
1837,2.1709E+79,3.2175E+80
1838,1.06009E+75,4.23872E+80
1839,7.28604E+77,5.19729E+80
1840,6.0207E+79,3.68297E+80
1841,2.8E+80,2.85647E+80
1842,4.00002E+79,5.46928E+80
1843,4.70001E+79,2.47186E+80
1844,3.107E+80,3.1673E+80
1845,6.00109E+77,9.54673E+80
1846,7.40027E+80,7.49327E+80
1847,8.00625E+80,8.97625E+80
1848,5.3E+80,5.37242E+80
1849,7.30015E+78,4.67389E+80
1850,6.003E+80,6.18373E+80
1851,6.00705E+80,6.93785E+80
1852,9.80031E+80,9.85631E+80
1853,3.42E+80,3.42975E+80
1854,7.10301E+77,8.62719E+80
1855,7.00004E+79,8.73519E+80
1856,9.5E+78,4.19569E+80
1857,8.3209E+79,6.8322E+80
1858,1.30009E+80,1.36879E+80
1859,7.00101E+80,7.83163E+80
1860,3.06E+80,3.76892E+80
1861,8.00903E+80,8.56913E+80
1862,5.20713E+79,6.52471E+80
1863,7.05E+79,9.72531E+80
1864,3.00507E+78,4.63126E+80
1865,9.002E+80,9.58234E+80
1866,4.02071E+78,6.8433E+80
1867,6.02101E+79,9.63215E+80
1868,9.008E+80,9.35826E+80
1869,4.897E+79,5.48974E+80
1870,6.00002E+78,3.46587E+80
1871,4.0635E+78,7.24864E+80
1872,5.03009E+78,7.25432E+80
1873,5.00601E+78,7.45386E+80
1874,2.00906E+80,2.78936E+80
1875,6.51802E+78,7.96518E+80
1876,9.30607E+80,9.31657E+80
1877,8.60705E+80,8.64795E+80
1878,4.00001E+80,4.59188E+80
1879,6.10803E+76,7.52461E+80
1880,5.00301E+80,5.6433E+80
1881,7.00851E+79,2.71985E+80
1882,6.3009E+78,1.76385E+80
1883,6.50001E+80,6.51843E+80
1884,7.04603E+77,1.38795E+80
1885,7.0804E+80,7.98543E+80
1886,8.04391E+78,1.28644E+80
1887,5.01007E+80,5.61438E+80
1888,1.0009E+80,1.7369E+80
1889,7.43281E+77,5.91743E+80
1890,6.0701E+80,6.4729E+80
1891,6.2105E+76,7.53862E+80
1892,1.0064E+80,1.35648E+80
1893,8.00057E+80,8.49258E+80
1894,9.80001E+78,5.69823E+80
1895,6.30701E+78,9.46388E+80
1896,6.091E+79,7.63915E+80
1897,6.05037E+79,2.68594E+80
1898,7.0004E+80,7.19245E+80
1899,4.09002E+78,7.84594E+80
1900,1.0372E+80,1.83725E+80
1901,4.90005E+79,3.49672E+80
1902,5.00209E+80,5.74239E+80
1903,7.00807E+80,7.24817E+80
1904,4.06201E+78,3.94763E+80
1905,6.0342E+79,7.65343E+80
1906,3.00741E+79,5.38974E+80
1907,1.60701E+79,3.1628E+80
1908,4.00051E+80,4.2716E+80
1909,4.00059E+80,4.1326E+80
1910,3.97014E+77,2.56398E+80
1911,6.00001E+80,6.47382E+80
1912,7.02402E+80,7.52462E+80
1913,9.00008E+78,3.59427E+80
1914,5.04004E+80,5.14784E+80
1915,3.00815E+79,9.36282E+80
1916,4.08131E+80,4.98137E+80
1917,7.04003E+80,7.64524E+80
1918,6.08031E+77,2.57619E+80
1919,5.00003E+80,5.79463E+80
1920,3.1E+80,3.16875E+80
1921,2.0964E+78,7.52196E+80
1922,1.0005E+80,1.23457E+80
1923,5.00361E+80,5.47363E+80
1924,4.9005E+78,6.84938E+80
1925,7.5E+78,8.37516E+80
1926,4.07503E+80,4.27594E+80
1927,8.90704E+73,5.14627E+80
1928,6.43108E+79,2.64316E+80
1929,8.15E+76,6.47382E+80
1930,4.02501E+80,4.32518E+80
1931,1.09043E+79,7.18964E+80
1932,5.92601E+80,5.92618E+80
1933,1.03024E+79,9.15382E+80
1934,1.50341E+80,1.56343E+80
1935,9.20817E+79,4.92382E+80
1936,9E+80,9.45124E+80
1937,4.00001E+78,8.34262E+80
1938,4.6003E+80,4.62532E+80
1939,4.6E+80,4.68372E+80
1940,9.00017E+78,2.79453E+80
1941,8.3406E+79,2.83417E+80
1942,9.068E+78,5.39468E+80
1943,9.04201E+80,9.74232E+80
1944,7.50904E+78,8.27569E+80
1945,4.09211E+79,3.45922E+80
1946,7.60041E+79,8.76314E+80
1947,3.00005E+78,8.53218E+80
1948,4.38E+78,6.74383E+80
1949,1.75201E+80,1.75297E+80
1950,2.10007E+80,2.17957E+80
1951,2.059E+80,2.85942E+80
1952,7.094E+78,3.57295E+80
1953,5.0208E+80,5.72683E+80
1954,7.00009E+79,3.72582E+80
1955,8.50001E+80,8.57292E+80
1956,9.037E+80,9.23765E+80
1957,7.00401E+79,8.79246E+80
1958,3.01006E+79,4.36179E+80
1959,2.01701E+80,2.51784E+80
1960,3.00057E+80,3.68157E+80
1961,5.03107E+80,5.63197E+80
1962,7.00003E+80,7.54124E+80
1963,6.09008E+80,6.79458E+80
1964,4.52701E+79,1.45276E+80
1965,8.0906E+79,1.85976E+80
1966,1.5009E+77,2.36155E+80
1967,7.93E+79,4.79356E+80
1968,8.0462E+78,1.78946E+80
1969,5.0603E+80,5.26432E+80
1970,4.00169E+78,7.24582E+80
1971,3.678E+77,2.95368E+80
1972,8.01021E+80,8.61926E+80
1973,3.85209E+78,1.43853E+80
1974,9.73101E+80,9.73183E+80
1975,5.0031E+80,5.26319E+80
1976,7.90608E+80,7.91648E+80
1977,8.0904E+79,2.85914E+80
1978,1.00007E+78,9.81253E+80
1979,2.39001E+78,6.42397E+80
1980,1.00641E+79,7.15364E+80
1981,6.00141E+79,7.68914E+80
1982,2.51001E+78,4.82514E+80
1983,3.00062E+80,3.75163E+80
1984,4.67E+80,4.67236E+80
1985,8.6009E+79,3.8673E+80
1986,2.61701E+74,3.59874E+80
1987,3.0001E+79,5.31248E+80
1988,4.01008E+80,4.71359E+80
1989,2.0095E+79,1.27896E+80
1990,8.9003E+80,8.95637E+80
1991,7.00801E+80,7.45817E+80
1992,5.0903E+79,4.58923E+80
1993,9.703E+80,9.75324E+80
1994,6.201E+79,7.62414E+80
1995,2.00003E+77,7.64216E+80
1996,1.0407E+78,9.31247E+80
1997,1.02004E+80,1.72595E+80
1998,8.002E+80,8.47236E+80
1999,5.00091E+79,1.53289E+80
